20001,TX
20002,TX
20003,IL
20004,WI
20005,CA
20006,IL
20007,OH
20008,CA
20009,TX
20010,CA
20011,TX
20012,NY
20013,TN
20014,TX
20015,MA
20016,PA
20017,FL
20018,CA
20019,WI
20020,CO
20021,CA
20022,CA
20023,CA
20024,MA
20025,PA
20026,TX
20027,CA
20028,NY
20029,TX
20030,CA
20031,OH
20032,TX
20033,WA
20034,NY
20035,TX
20036,FL
20037,MI
20038,NC
20039,CA
20040,FL
20041,PA
20042,CA
20043,TX
20044,MO
20045,WA
20046,MN
20047,CA
20048,NY
20049,CA
20050,TX
20051,NY
20052,CA
20053,NY
20054,FL
20055,CA
20056,FL
20057,TX
20058,PA
20059,GA
20060,CA
20061,KY
20062,TX
20063,CA
20064,NY
20065,IL
20066,CA
20067,TX
20068,CA
20069,PA
20070,TX
20071,CA
20072,CO
20073,IL
20074,NY
20075,TX
20076,FL
20077,CA
20078,CA
20079,MN
20080,CA
20081,TX
20082,GA
20083,NC
20084,TX
20085,KY
20086,GA
20087,IL
20088,TX
20089,CA
20090,IL
20091,TX
20092,TX
20093,CA
20094,CA
20095,NC
20096,NY
20097,NY
20098,CA
20099,CA
20100,CA
20101,MD
20102,MN
20103,CA
20104,WA
20105,CA
20106,CA
20107,CA
20108,WA
20109,TX
20110,IL
20111,MA
20112,CA
20113,TX
20114,TX
20115,OR
20116,PA
20117,CA
20118,MO
20119,NY
20120,CA
20121,CA
20122,CA
20123,TX
20124,TX
20125,CA
20126,NY
20127,CA
20128,CA
20129,CA
20130,IL
20131,WI
20132,TX
20133,TX
20134,NJ
20135,MN
20136,MI
20137,CA
20138,FL
20139,CA
20140,CA
20141,MA
20142,WA
20143,IL
20144,IL
20145,CA
20146,WA
20147,IL
20148,IL
20149,CA
20150,CA
20151,MO
20152,PA
20153,AL
20154,CO
20155,CA
20156,PA
20157,OR
20158,FL
20159,KY
20160,CA
20161,CA
20162,PA
20163,IN
20164,IL
20165,NY
20166,AZ
20167,CA
20168,CA
20169,CA
20170,CA
20171,NY
20172,MA
20173,TX
20174,CA
20175,CA
20176,MO
20177,FL
20178,CA
20179,NY
20180,PA
20181,NC
20182,CA
20183,CA
20184,FL
20185,CA
20186,FL
20187,CA
20188,CA
20189,CA
20190,OH
20191,LA
20192,CA
20193,IA
20194,CA
20195,CA
20196,NY
20197,CA
20198,KS
20199,TX
20200,CA
20201,OR
20202,FL
20203,NY
20204,AZ
20205,FL
20206,IL
20207,CA
20208,NE
20209,IL
20210,MI
20211,IN
20212,OH
20213,CA
20214,TX
20215,WI
20216,CA
20217,NY
20218,TX
20219,OH
20220,CA
20221,TX
20222,FL
20223,CA
20224,FL
20225,PA
20226,PA
20227,CA
20228,MA
20229,AL
20230,CA
20231,MA
20232,TX
20233,NY
20234,CO
20235,VA
20236,MI
20237,WA
20238,CA
20239,CA
20240,CA
20241,WI
20242,MA
20243,OH
20244,MI
20245,WA
20246,LA
20247,CA
20248,TX
20249,CA
20250,CO
20251,MD
20252,OH
20253,TX
20254,PA
20255,NY
20256,CA
20257,NY
20258,IL
20259,MA
20260,CA
20261,NY
20262,AL
20263,FL
20264,NC
20265,WA
20266,MI
20267,TX
20268,KY
20269,CA
20270,WI
20271,CA
20272,FL
20273,MA
20274,PA
20275,IL
20276,CA
20277,IL
20278,FL
20279,FL
20280,OR
20281,OR
20282,CA
20283,CA
20284,IL
20285,CO
20286,TX
20287,GA
20288,CA
20289,CA
20290,NC
20291,KY
20292,TX
20293,WA
20294,TX
20295,PA
20296,CA
20297,GA
20298,CA
20299,LA
20300,PA
20301,CT
20302,FL
20303,CA
20304,MA
20305,CA
20306,CA
20307,CO
20308,MI
20309,MO
20310,MA
20311,CA
20312,OK
20313,CA
20314,WA
20315,NC
20316,CA
20317,TX
20318,CA
20319,MA
20320,OR
20321,CA
20322,CA
20323,MA
20324,PA
20325,CA
20326,TX
20327,CA
20328,MO
20329,TX
20330,CA
20331,TX
20332,CA
20333,CA
20334,TX
20335,NC
20336,PA
20337,CA
20338,CA
20339,TX
20340,CA
20341,AL
20342,CA
20343,TX
20344,CA
20345,TX
20346,NY
20347,OH
20348,FL
20349,NY
20350,PA
20351,TX
20352,CA
20353,TX
20354,CA
20355,AL
20356,FL
20357,IN
20358,CA
20359,IL
20360,CA
20361,VA
20362,CA
20363,IL
20364,CA
20365,CA
20366,IL
20367,CA
20368,TX
20369,IL
20370,IN
20371,WI
20372,FL
20373,WA
20374,MI
20375,FL
20376,IL
20377,IL
20378,OH
20379,NY
20380,NY
20381,CA
20382,CA
20383,NY
20384,FL
20385,NY
20386,NY
20387,FL
20388,KY
20389,CA
20390,FL
20391,CA
20392,CA
20393,CA
20394,IL
20395,CA
20396,CA
20397,MI
20398,CA
20399,PA
20400,SC
20401,LA
20402,CA
20403,CO
20404,CO
20405,TX
20406,CA
20407,IL
20408,CA
20409,CA
20410,WA
20411,TX
20412,CA
20413,OH
20414,OH
20415,PA
20416,CA
20417,PA
20418,CA
20419,MA
20420,OR
20421,CA
20422,CA
20423,TX
20424,NC
20425,CA
20426,MA
20427,TN
20428,PA
20429,CA
20430,FL
20431,CA
20432,NE
20433,NY
20434,NY
20435,WI
20436,LA
20437,TX
20438,MI
20439,FL
20440,TX
20441,PA
20442,CA
20443,FL
20444,OH
20445,CA
20446,AL
20447,PA
20448,CA
20449,CA
20450,CA
20451,CA
20452,FL
20453,FL
20454,NY
20455,CA
20456,CO
20457,CA
20458,WA
20459,NY
20460,IL
20461,CA
20462,CA
20463,CA
20464,CA
20465,NY
20466,NY
20467,WA
20468,VA
20469,TX
20470,FL
20471,PA
20472,WA
20473,CA
20474,NY
20475,CA
20476,FL
20477,AL
20478,OH
20479,FL
20480,TX
20481,CA
20482,OH
20483,OR
20484,NY
20485,TX
20486,TX
20487,FL
20488,NY
20489,TX
20490,CA
20491,PA
20492,CA
20493,CA
20494,VA
20495,WI
20496,SC
20497,CA
20498,MI
20499,CA
20500,AL
20501,CA
20502,PA
20503,WA
20504,TX
20505,OH
20506,IL
20507,CA
20508,CA
20509,CA
20510,NC
20511,GA
20512,TX
20513,TX
20514,CA
20515,CA
20516,WA
20517,PA
20518,TX
20519,CA
20520,PA
20521,WA
20522,CA
20523,CA
20524,NY
20525,CA
20526,LA
20527,LA
20528,FL
20529,MI
20530,PA
20531,MO
20532,NY
20533,CA
20534,IL
20535,IN
20536,PA
20537,CA
20538,OH
20539,NC
20540,CA
20541,PA
20542,CA
20543,FL
20544,NY
20545,AR
20546,CA
20547,FL
20548,TX
20549,CA
20550,MO
20551,TX
20552,MA
20553,CA
20554,NY
20555,CA
20556,MD
20557,MA
20558,OH
20559,IN
20560,CA
20561,OH
20562,TX
20563,CA
20564,VA
20565,PA
20566,FL
20567,NY
20568,NC
20569,TX
20570,CA
20571,IL
20572,CA
20573,CA
20574,CA
20575,IL
20576,IL
20577,FL
20578,WA
20579,WA
20580,OH
20581,OH
20582,TX
20583,TX
20584,NY
20585,IL
20586,CA
20587,CA
20588,FL
20589,KS
20590,TX
20591,CA
20592,NY
20593,CA
20594,CA
20595,CA
20596,FL
20597,WA
20598,FL
20599,IL
20600,CA
20601,CA
20602,IL
20603,TX
20604,LA
20605,IL
20606,CA
20607,CA
20608,KY
20609,CA
20610,TX
20611,CA
20612,CA
20613,CA
20614,TX
20615,CA
20616,GA
20617,OK
20618,PA
20619,MN
20620,WA
20621,PA
20622,CA
20623,PA
20624,OH
20625,IL
20626,CA
20627,WI
20628,CA
20629,FL
20630,NY
20631,FL
20632,WA
20633,CA
20634,WA
20635,CA
20636,NC
20637,NC
20638,CT
20639,MI
20640,FL
20641,TX
20642,TX
20643,WA
20644,AL
20645,NC
20646,IL
20647,CA
20648,CA
20649,NY
20650,MD
20651,CA
20652,CA
20653,OH
20654,CA
20655,MI
20656,CA
20657,PA
20658,CA
20659,KS
20660,FL
20661,MA
20662,CA
20663,GA
20664,KS
20665,TX
20666,CA
20667,FL
20668,TX
20669,TX
20670,MO
20671,MN
20672,OH
20673,FL
20674,NY
20675,GA
20676,MN
20677,CA
20678,NC
20679,CA
20680,CA
20681,TX
20682,NY
20683,CA
20684,CA
20685,TX
20686,CA
20687,TX
20688,CA
20689,CA
20690,GA
20691,FL
20692,PA
20693,IL
20694,CA
20695,CA
20696,GA
20697,TX
20698,CA
20699,NY
20700,FL
20701,OH
20702,CA
20703,UT
20704,CA
20705,CA
20706,TX
20707,TX
20708,CA
20709,WI
20710,CA
20711,CA
20712,CA
20713,CA
20714,PA
20715,TX
20716,CA
20717,TX
20718,IL
20719,TX
20720,WI
20721,CO
20722,TX
20723,CA
20724,CA
20725,CA
20726,CA
20727,FL
20728,NY
20729,FL
20730,VA
20731,TX
20732,CA
20733,WA
20734,IL
20735,CA
20736,NY
20737,TX
20738,FL
20739,IL
20740,CA
20741,CA
20742,CA
20743,TX
20744,CA
20745,TX
20746,FL
20747,NY
20748,TX
20749,PA
20750,CA
20751,CA
20752,FL
20753,CA
20754,AL
20755,IL
20756,TX
20757,NY
20758,IL
20759,MI
20760,SC
20761,OR
20762,CA
20763,CA
20764,CA
20765,TX
20766,CA
20767,CA
20768,WA
20769,OH
20770,IL
20771,CA
20772,PA
20773,CA
20774,IL
20775,NC
20776,MN
20777,CA
20778,IL
20779,FL
20780,IN
20781,CA
20782,OH
20783,MN
20784,CA
20785,TX
20786,CA
20787,TX
20788,CA
20789,CA
20790,IL
20791,TX
20792,MN
20793,TX
20794,FL
20795,NY
20796,TX
20797,TX
20798,TX
20799,MN
20800,CA
20801,TX
20802,CA
20803,WI
20804,MI
20805,CA
20806,WI
20807,MD
20808,PA
20809,TX
20810,MI
20811,NY
20812,TX
20813,CA
20814,TX
20815,WA
20816,CA
20817,MN
20818,CA
20819,NC
20820,CA
20821,CA
20822,PA
20823,CA
20824,FL
20825,TX
20826,CA
20827,TX
20828,IA
20829,NC
20830,CA
20831,AL
20832,FL
20833,CA
20834,IL
20835,TX
20836,CA
20837,MI
20838,NY
20839,NY
20840,CA
20841,TX
20842,OH
20843,MA
20844,FL
20845,CA
20846,CA
20847,AZ
20848,CA
20849,CA
20850,CA
20851,CA
20852,CA
20853,PA
20854,CA
20855,PA
20856,CA
20857,FL
20858,NY
20859,WA
20860,WA
20861,IL
20862,CA
20863,WA
20864,CA
20865,MI
20866,PA
20867,NY
20868,CA
20869,MA
20870,CO
20871,NY
20872,PA
20873,PA
20874,CA
20875,CA
20876,IL
20877,IL
20878,NY
20879,MA
20880,MN
20881,FL
20882,CA
20883,CA
20884,TX
20885,TX
20886,CA
20887,IL
20888,TX
20889,TX
20890,CA
20891,PA
20892,IL
20893,OH
20894,MI
20895,TX
20896,MA
20897,MN
20898,NY
20899,CT
20900,CA
20901,CO
20902,TX
20903,CA
20904,CA
20905,NY
20906,PA
20907,CA
20908,TX
20909,CA
20910,CA
20911,CA
20912,AZ
20913,NY
20914,WA
20915,CA
20916,CA
20917,CA
20918,GA
20919,NY
20920,NY
20921,MA
20922,IL
20923,TX
20924,LA
20925,MI
20926,PA
20927,TX
20928,NY
20929,CA
20930,FL
20931,TX
20932,CA
20933,CA
20934,MD
20935,CA
20936,FL
20937,AL
20938,CA
20939,IA
20940,MO
20941,PA
20942,TX
20943,CA
20944,CA
20945,NY
20946,GA
20947,CA
20948,CA
20949,CA
20950,WA
20951,IL
20952,MO
20953,TN
20954,CA
20955,IN
20956,TX
20957,TX
20958,TX
20959,WI
20960,NE
20961,PA
20962,NY
20963,FL
20964,CA
20965,CA
20966,FL
20967,TX
20968,CA
20969,WA
20970,CA
20971,WA
20972,NY
20973,NY
20974,CA
20975,FL
20976,CO
20977,AL
20978,NY
20979,CA
20980,CA
20981,TX
20982,CA
20983,CA
20984,WI
20985,TX
20986,CA
20987,CA
20988,IL
20989,CA
20990,MO
20991,WI
20992,NY
20993,IL
20994,OH
20995,NY
20996,CA
20997,FL
20998,NY
20999,CA
21000,WI
21001,TX
21002,CA
21003,MI
21004,CA
21005,MN
21006,CA
21007,PA
21008,TX
21009,GA
21010,NY
21011,FL
21012,TX
21013,MA
21014,MN
21015,CA
21016,CA
21017,NJ
21018,TX
21019,CA
21020,FL
21021,TX
21022,PA
21023,CA
21024,WA
21025,CA
21026,MN
21027,OK
21028,WA
21029,PA
21030,TX
21031,MO
21032,OH
21033,AZ
21034,MO
21035,CA
21036,CA
21037,MI
21038,CA
21039,CA
21040,MN
21041,CA
21042,FL
21043,CA
21044,TX
21045,CO
21046,NY
21047,CA
21048,CA
21049,FL
21050,CA
21051,TX
21052,CA
21053,IL
21054,MA
21055,TX
21056,CA
21057,TX
21058,KY
21059,WI
21060,FL
21061,NY
21062,NY
21063,NY
21064,MO
21065,CA
21066,MA
21067,CA
21068,CA
21069,CO
21070,TX
21071,CA
21072,CA
21073,CA
21074,GA
21075,TX
21076,IL
21077,CA
21078,MA
21079,PA
21080,IN
21081,TN
21082,NE
21083,CA
21084,OH
21085,VA
21086,LA
21087,CA
21088,OH
21089,CA
21090,NY
21091,CA
21092,CA
21093,CA
21094,VA
21095,GA
21096,MI
21097,OR
21098,TX
21099,TX
21100,CA
21101,CA
21102,OR
21103,TX
21104,PA
21105,FL
21106,CA
21107,OH
21108,IL
21109,IL
21110,CA
21111,TX
21112,CA
21113,PA
21114,CA
21115,IL
21116,TN
21117,CA
21118,IL
21119,MN
21120,CA
21121,NC
21122,GA
21123,CA
21124,TX
21125,CA
21126,OR
21127,AZ
21128,CA
21129,TX
21130,OH
21131,IL
21132,CA
21133,MI
21134,MO
21135,IN
21136,CA
21137,TX
21138,TX
21139,MN
21140,NC
21141,NY
21142,NY
21143,TX
21144,FL
21145,TX
21146,PA
21147,CA
21148,WA
21149,NY
21150,CA
21151,CA
21152,TX
21153,NY
21154,OR
21155,MI
21156,NY
21157,LA
21158,KY
21159,MO
21160,TX
21161,NY
21162,PA
21163,LA
21164,NY
21165,CA
21166,VA
21167,CA
21168,NY
21169,OH
21170,MI
21171,CO
21172,IL
21173,PA
21174,NY
21175,UT
21176,TX
21177,CA
21178,TX
21179,AL
21180,KS
21181,WA
21182,CA
21183,CA
21184,TX
21185,FL
21186,NY
21187,NY
21188,OR
21189,CA
21190,CA
21191,FL
21192,FL
21193,CA
21194,CA
21195,NY
21196,TX
21197,NY
21198,LA
21199,CA
21200,MN
21201,TX
21202,NY
21203,TX
21204,OR
21205,WI
21206,CA
21207,MO
21208,FL
21209,GA
21210,PA
21211,CO
21212,TX
21213,CA
21214,CA
21215,IN
21216,MI
21217,IL
21218,CA
21219,MI
21220,PA
21221,CA
21222,MA
21223,OH
21224,TX
21225,CA
21226,FL
21227,IL
21228,OH
21229,PA
21230,MO
21231,MD
21232,OR
21233,CA
21234,TX
21235,NY
21236,PA
21237,NY
21238,FL
21239,CA
21240,CA
21241,CA
21242,CA
21243,CA
21244,NY
21245,TX
21246,CA
21247,OR
21248,NY
21249,FL
21250,VA
21251,KY
21252,NY
21253,TX
21254,CA
21255,NY
21256,CA
21257,IL
21258,NY
21259,NY
21260,CA
21261,CA
21262,UT
21263,NY
21264,PA
21265,IL
21266,TX
21267,FL
21268,CA
21269,IN
21270,CA
21271,AL
21272,CA
21273,VA
21274,CA
21275,PA
21276,IL
21277,CA
21278,CA
21279,MD
21280,PA
21281,GA
21282,TX
21283,CA
21284,CA
21285,PA
21286,OH
21287,CA
21288,LA
21289,TX
21290,CA
21291,CA
21292,PA
21293,TX
21294,OH
21295,CA
21296,CA
21297,FL
21298,MA
21299,TX
21300,NC
21301,NY
21302,TX
21303,FL
21304,CA
21305,MI
21306,IL
21307,FL
21308,WI
21309,CA
21310,OH
21311,TX
21312,GA
21313,GA
21314,MI
21315,PA
21316,CA
21317,NY
21318,CA
21319,CO
21320,CA
21321,TX
21322,CA
21323,FL
21324,NC
21325,CA
21326,IL
21327,CA
21328,CA
21329,KY
21330,TX
21331,NC
21332,IL
21333,NY
21334,MI
21335,AZ
21336,PA
21337,CA
21338,NY
21339,IN
21340,TX
21341,FL
21342,IL
21343,PA
21344,FL
21345,CA
21346,NY
21347,IL
21348,CA
21349,NY
21350,NY
21351,FL
21352,FL
21353,TX
21354,IL
21355,NY
21356,CA
21357,PA
21358,TX
21359,NY
21360,OH
21361,FL
21362,FL
21363,CA
21364,CA
21365,WI
21366,TX
21367,NY
21368,CA
21369,CA
21370,WA
21371,FL
21372,MA
21373,TX
21374,MI
21375,NY
21376,CA
21377,CA
21378,CA
21379,NC
21380,TX
21381,CA
21382,PA
21383,WA
21384,TX
21385,OR
21386,WA
21387,CA
21388,CA
21389,CA
21390,WI
21391,PA
21392,WA
21393,OK
21394,CA
21395,TX
21396,TX
21397,MN
21398,LA
21399,PA
21400,MA
21401,PA
21402,FL
21403,NY
21404,CO
21405,PA
21406,WI
21407,CA
21408,LA
21409,CA
21410,GA
21411,CA
21412,WI
21413,CA
21414,TX
21415,CA
21416,VA
21417,CA
21418,CO
21419,NY
21420,NY
21421,MI
21422,CA
21423,CA
21424,CA
21425,CA
21426,NY
21427,FL
21428,NY
21429,TX
21430,MA
21431,VA
21432,CA
21433,CA
21434,CA
21435,CA
21436,CA
21437,TX
21438,CA
21439,NY
21440,CA
21441,CA
21442,CA
21443,GA
21444,AL
21445,TX
21446,CA
21447,TX
21448,CA
21449,NY
21450,CA
21451,OR
21452,IA
21453,TX
21454,TX
21455,PA
21456,MI
21457,CA
21458,CA
21459,AZ
21460,LA
21461,KS
21462,TX
21463,NY
21464,CA
21465,WI
21466,WA
21467,PA
21468,CA
21469,CA
21470,GA
21471,CA
21472,VA
21473,CA
21474,CA
21475,TX
21476,AL
21477,TX
21478,WA
21479,TX
21480,CA
21481,IL
21482,CA
21483,OR
21484,OR
21485,FL
21486,CA
21487,PA
21488,CO
21489,PA
21490,CA
21491,CA
21492,VA
21493,TX
21494,NY
21495,NY
21496,CA
21497,OH
21498,CA
21499,IL
21500,IL
21501,VA
21502,WA
21503,CA
21504,TX
21505,LA
21506,CA
21507,TX
21508,CA
21509,IL
21510,NY
21511,CA
21512,MA
21513,TX
21514,TX
21515,MD
21516,CA
21517,NY
21518,CA
21519,TX
21520,TX
21521,CA
21522,CA
21523,CA
21524,TX
21525,CA
21526,CA
21527,CA
21528,PA
21529,IL
21530,FL
21531,CA
21532,CA
21533,LA
21534,TX
21535,CA
21536,MI
21537,CA
21538,MN
21539,NY
21540,CA
21541,AL
21542,CA
21543,IL
21544,WA
21545,FL
21546,NY
21547,TX
21548,CA
21549,CA
21550,IL
21551,CA
21552,TX
21553,NY
21554,TX
21555,NY
21556,AL
21557,CA
21558,CA
21559,NC
21560,TX
21561,TN
21562,TX
21563,AL
21564,WI
21565,TX
21566,OH
21567,FL
21568,NY
21569,TX
21570,NY
21571,UT
21572,CA
21573,MI
21574,GA
21575,FL
21576,NY
21577,CA
21578,CA
21579,TX
21580,MA
21581,CA
21582,TX
21583,CA
21584,MI
21585,WA
21586,IL
21587,CA
21588,FL
21589,CA
21590,FL
21591,MI
21592,NY
21593,WA
21594,WA
21595,AZ
21596,TX
21597,FL
21598,PA
21599,CA
21600,WI
21601,PA
21602,TX
21603,NY
21604,CA
21605,CA
21606,NY
21607,FL
21608,CA
21609,CA
21610,CA
21611,IL
21612,TN
21613,UT
21614,OH
21615,CA
21616,CA
21617,CO
21618,FL
21619,FL
21620,CO
21621,NY
21622,CA
21623,CA
21624,FL
21625,GA
21626,CA
21627,OH
21628,AL
21629,OR
21630,MN
21631,MA
21632,FL
21633,OR
21634,TX
21635,MO
21636,OH
21637,PA
21638,NY
21639,GA
21640,CA
21641,CA
21642,MI
21643,CA
21644,TX
21645,CA
21646,CA
21647,IL
21648,NC
21649,NY
21650,FL
21651,IL
21652,CA
21653,CA
21654,NC
21655,FL
21656,CA
21657,FL
21658,NY
21659,MA
21660,CA
21661,PA
21662,OK
21663,MO
21664,CA
21665,PA
21666,OH
21667,FL
21668,TX
21669,CA
21670,TX
21671,IL
21672,NY
21673,NY
21674,WI
21675,NY
21676,MO
21677,FL
21678,CA
21679,IL
21680,CA
21681,CA
21682,UT
21683,TX
21684,CA
21685,CA
21686,CA
21687,WA
21688,NY
21689,PA
21690,CA
21691,TX
21692,PA
21693,AL
21694,PA
21695,CA
21696,PA
21697,IL
21698,CA
21699,CT
21700,TX
21701,MI
21702,CA
21703,NY
21704,TX
21705,MI
21706,CA
21707,FL
21708,CA
21709,CO
21710,GA
21711,TX
21712,WI
21713,IL
21714,WI
21715,FL
21716,AR
21717,TX
21718,IN
21719,CA
21720,WI
21721,CA
21722,CA
21723,NY
21724,TX
21725,TX
21726,WA
21727,WI
21728,IL
21729,PA
21730,CA
21731,CA
21732,TX
21733,MN
21734,MA
21735,IL
21736,OR
21737,CA
21738,FL
21739,TX
21740,WA
21741,WA
21742,MA
21743,TX
21744,OH
21745,NY
21746,PA
21747,IL
21748,CA
21749,CA
21750,CA
21751,NY
21752,CA
21753,CO
21754,CA
21755,NY
21756,CA
21757,CA
21758,MI
21759,OH
21760,IL
21761,GA
21762,TX
21763,IL
21764,FL
21765,CA
21766,FL
21767,CA
21768,CA
21769,NY
21770,CA
21771,CA
21772,IL
21773,NY
21774,MN
21775,FL
21776,CA
21777,TX
21778,NY
21779,MI
21780,PA
21781,CA
21782,TX
21783,MA
21784,CT
21785,CO
21786,CA
21787,GA
21788,CA
21789,IL
21790,PA
21791,AL
21792,MA
21793,TX
21794,WA
21795,NY
21796,CA
21797,CA
21798,WI
21799,NY
21800,FL
21801,CO
21802,CA
21803,NY
21804,CA
21805,FL
21806,OR
21807,PA
21808,TX
21809,CA
21810,TX
21811,FL
21812,CA
21813,NY
21814,CA
21815,IL
21816,CA
21817,CA
21818,TN
21819,FL
21820,CA
21821,TX
21822,CA
21823,TX
21824,OH
21825,FL
21826,CA
21827,OH
21828,CA
21829,TX
21830,CA
21831,TX
21832,CA
21833,TX
21834,FL
21835,CA
21836,NY
21837,OK
21838,CA
21839,CA
21840,TX
21841,MN
21842,NY
21843,TX
21844,OR
21845,CA
21846,TX
21847,CA
21848,CA
21849,TX
21850,CA
21851,NY
21852,TX
21853,IL
21854,TX
21855,PA
21856,TX
21857,NY
21858,CA
21859,CA
21860,IN
21861,FL
21862,CA
21863,IL
21864,NY
21865,NY
21866,NY
21867,NY
21868,FL
21869,TX
21870,CA
21871,FL
21872,FL
21873,TX
21874,CA
21875,CA
21876,CA
21877,NY
21878,CA
21879,MA
21880,TX
21881,CA
21882,TX
21883,LA
21884,FL
21885,TX
21886,CA
21887,AL
21888,CA
21889,AL
21890,CA
21891,MA
21892,IL
21893,TX
21894,OH
21895,OK
21896,CA
21897,CA
21898,TX
21899,AZ
21900,PA
21901,TX
21902,CA
21903,TX
21904,OR
21905,CA
21906,NJ
21907,NY
21908,TX
21909,TX
21910,TX
21911,CA
21912,PA
21913,CA
21914,NY
21915,OH
21916,TX
21917,CA
21918,TX
21919,CA
21920,FL
21921,WA
21922,NC
21923,VA
21924,CA
21925,CT
21926,GA
21927,CA
21928,MI
21929,TX
21930,CA
21931,CT
21932,CA
21933,TX
21934,MI
21935,KY
21936,WA
21937,VA
21938,MD
21939,OH
21940,MI
21941,AL
21942,CO
21943,MI
21944,IL
21945,CA
21946,WI
21947,NY
21948,IL
21949,IL
21950,TX
21951,TX
21952,CA
21953,TX
21954,NY
21955,TX
21956,PA
21957,TX
21958,NC
21959,TX
21960,TX
21961,CA
21962,MI
21963,NY
21964,TX
21965,CA
21966,CA
21967,GA
21968,CA
21969,CA
21970,CA
21971,NY
21972,NY
21973,MI
21974,UT
21975,TX
21976,CA
21977,TX
21978,CA
21979,VA
21980,CA
21981,IL
21982,FL
21983,CA
21984,PA
21985,TX
21986,FL
21987,NY
21988,CA
21989,PA
21990,WI
21991,TX
21992,CA
21993,TX
21994,WI
21995,GA
21996,NY
21997,IL
21998,NY
21999,CA
22000,NC
